-- phpMyAdmin SQL Dump
-- version 5.2.1
-- https://www.phpmyadmin.net/
--
-- Host: 127.0.0.1
-- Tempo de geração: 26-Set-2023 às 19:08
-- Versão do servidor: 10.4.28-MariaDB
-- versão do PHP: 8.2.4

SET SQL_MODE = "NO_AUTO_VALUE_ON_ZERO";
START TRANSACTION;
SET time_zone = "+00:00";


/*!40101 SET @OLD_CHARACTER_SET_CLIENT=@@CHARACTER_SET_CLIENT */;
/*!40101 SET @OLD_CHARACTER_SET_RESULTS=@@CHARACTER_SET_RESULTS */;
/*!40101 SET @OLD_COLLATION_CONNECTION=@@COLLATION_CONNECTION */;
/*!40101 SET NAMES utf8mb4 */;

--
-- Banco de dados: `tecdev_escola_ignacio`
--

-- --------------------------------------------------------

--
-- Estrutura da tabela `alunos`
--

CREATE TABLE `alunos` (
  `id` smallint(6) NOT NULL,
  `nome` varchar(50) NOT NULL,
  `data_de_nascimento` date NOT NULL,
  `primeira_nota` decimal(4,2) NOT NULL,
  `segunda_nota` decimal(4,2) NOT NULL,
  `curso_id` smallint(6) NOT NULL
) ENGINE=InnoDB DEFAULT CHARSET=utf8mb4 COLLATE=utf8mb4_general_ci;

--
-- Extraindo dados da tabela `alunos`
--

INSERT INTO `alunos` (`id`, `nome`, `data_de_nascimento`, `primeira_nota`, `segunda_nota`, `curso_id`) VALUES
(1, 'Ignacio Neto', '1982-02-26', 8.00, 10.00, 3),
(2, 'Maria Yussef', '1985-02-26', 9.00, 10.00, 2),
(3, 'Robert Sheer', '1995-02-03', 9.00, 7.00, 5),
(4, 'Rosana Uter', '1970-06-09', 10.00, 10.00, 1),
(5, 'Vater Gustavo', '1955-11-19', 9.00, 9.00, 4),
(6, 'Valéria Linda', '2005-09-26', 4.00, 7.00, 2),
(7, 'Mário Calore', '1995-02-03', 10.00, 7.00, 3),
(8, 'Ariana Grande', '1995-02-03', 8.00, 3.00, 4),
(9, 'Michael Robert', '1995-02-03', 9.00, 9.00, 1),
(10, 'Viviane Lima', '2015-01-01', 10.00, 9.00, 3);

-- --------------------------------------------------------

--
-- Estrutura da tabela `cursos`
--

CREATE TABLE `cursos` (
  `id` smallint(6) NOT NULL,
  `titulo` varchar(30) NOT NULL,
  `carga_horaria` smallint(6) NOT NULL,
  `professor_id` smallint(6) DEFAULT NULL
) ENGINE=InnoDB DEFAULT CHARSET=utf8mb4 COLLATE=utf8mb4_general_ci;

--
-- Extraindo dados da tabela `cursos`
--

INSERT INTO `cursos` (`id`, `titulo`, `carga_horaria`, `professor_id`) VALUES
(1, 'Front-End', 40, 5),
(2, 'Back-End', 80, 4),
(3, 'UX/UI Design', 30, 3),
(4, 'Figma', 10, 2),
(5, 'Redes de Computadores', 100, 1);

-- --------------------------------------------------------

--
-- Estrutura da tabela `professores`
--

CREATE TABLE `professores` (
  `id` smallint(6) NOT NULL,
  `nome` varchar(50) NOT NULL,
  `area_de_atuacao` enum('design','desenvolvimento','infra') NOT NULL,
  `curso_id` smallint(6) NOT NULL
) ENGINE=InnoDB DEFAULT CHARSET=utf8mb4 COLLATE=utf8mb4_general_ci;

--
-- Extraindo dados da tabela `professores`
--

INSERT INTO `professores` (`id`, `nome`, `area_de_atuacao`, `curso_id`) VALUES
(1, 'Jon Oliva', 'infra', 5),
(2, 'Lemmy Kilmister', 'design', 4),
(3, 'Neil Peart', 'design', 3),
(4, 'Ozzy Osbourne', 'desenvolvimento', 2),
(5, 'David Gilmour', 'desenvolvimento', 1);

--
-- Índices para tabelas despejadas
--

--
-- Índices para tabela `alunos`
--
ALTER TABLE `alunos`
  ADD PRIMARY KEY (`id`),
  ADD KEY `fk_alunos_cursos` (`curso_id`);

--
-- Índices para tabela `cursos`
--
ALTER TABLE `cursos`
  ADD PRIMARY KEY (`id`),
  ADD KEY `fk_cursos_professores` (`professor_id`);

--
-- Índices para tabela `professores`
--
ALTER TABLE `professores`
  ADD PRIMARY KEY (`id`),
  ADD KEY `fk_professores_cursos` (`curso_id`);

--
-- AUTO_INCREMENT de tabelas despejadas
--

--
-- AUTO_INCREMENT de tabela `alunos`
--
ALTER TABLE `alunos`
  MODIFY `id` smallint(6) NOT NULL AUTO_INCREMENT, AUTO_INCREMENT=11;

--
-- AUTO_INCREMENT de tabela `cursos`
--
ALTER TABLE `cursos`
  MODIFY `id` smallint(6) NOT NULL AUTO_INCREMENT, AUTO_INCREMENT=6;

--
-- AUTO_INCREMENT de tabela `professores`
--
ALTER TABLE `professores`
  MODIFY `id` smallint(6) NOT NULL AUTO_INCREMENT, AUTO_INCREMENT=6;

--
-- Restrições para despejos de tabelas
--

--
-- Limitadores para a tabela `alunos`
--
ALTER TABLE `alunos`
  ADD CONSTRAINT `fk_alunos_cursos` FOREIGN KEY (`curso_id`) REFERENCES `cursos` (`id`);

--
-- Limitadores para a tabela `cursos`
--
ALTER TABLE `cursos`
  ADD CONSTRAINT `fk_cursos_professores` FOREIGN KEY (`professor_id`) REFERENCES `professores` (`id`);

--
-- Limitadores para a tabela `professores`
--
ALTER TABLE `professores`
  ADD CONSTRAINT `fk_professores_cursos` FOREIGN KEY (`curso_id`) REFERENCES `cursos` (`id`);
COMMIT;

/*!40101 SET CHARACTER_SET_CLIENT=@OLD_CHARACTER_SET_CLIENT */;
/*!40101 SET CHARACTER_SET_RESULTS=@OLD_CHARACTER_SET_RESULTS */;
/*!40101 SET COLLATION_CONNECTION=@OLD_COLLATION_CONNECTION */;
